category,subcategory,name,current_price,raw_price,discount,likes_count
accessories,Chapeaux & Bonnets,Masques d'isolation de protection du visage Masques anti-buée anti-éclaboussures,9.99,16.99,41,373
accessories,Baseball Caps,Chapeau de parasol de casquette de baseball en denim lavé à bordure personnalisée en plein air,9.99,18.99,47,73
accessories,Flat Caps,Casquette Gavroche Cabbie Lvy Flat Hat Vintage Painter Beret Hats ,17.49,37.34,53,140
accessories,Cache-oreilles & Masques,Masque à fleurs en coton multicolore Masque vintage,5.99,16.01,63,686
accessories,Chapeaux & Bonnets,Chapeau de pêche en plein air pour hommes,13.99,26.99,48,35
accessories,Beanie Hat,Femmes Imprimer Campagne Floral Twist Beanie Cap Turban Cap de chimiothérapie,9.99,18.99,47,91
accessories,Cache-oreilles,Visage floral Masque Sheild Masque en coton vintage,5.99,11.99,50,147
accessories,Chapeaux & Bonnets,Bonnet en coton brodé pour homme Chapeau avant Chapeau de soleil rétro britannique Béret littéraire,12.99,23.99,46,46
accessories,Flat Caps,Casquette gavroche octogonale d'été Cabbie Lvy Flat Hat,20.49,42.47,52,121
accessories,Skull Caps,Casquettes de crâne pour hommes à carreaux sans bord assortis,12.99,25.99,50,71
accessories,Ceintures & Bretelles,Ceinture en cuir véritable pour hommes Ceinture décontractée Sangle de taille Broche lisse Ceinture rétro,32.99,64.99,49,35
accessories,Cache-oreilles,Masque facial en mousseline respirant réglable ,4.99,9.99,50,110
accessories,Cache-oreilles & Masques,Masque facial unisexe respirant de couleur unie,4.99,9.99,50,98
accessories,Beanie Hat,Elephant Retro Beanie Hat Turban Cap de chimiothérapie,10.99,22.99,52,108
accessories,Cache-oreilles,Masque anti-poussière Masque floral visage Sheild,5.99,11.99,50,106
accessories,Chapeaux & Bonnets,Chapeau élastique de chapeau de bonnet de chapeau élastique de couleur unie avec des boutons d'oreille,6.99,13.99,50,85
accessories,Beanie Hat,Bonnet Fleurs Bonnets Découpés En Relief,10.99,22.99,52,63
accessories,Skull Caps,Chapeau de propriétaire pour homme Collrown Summer Street Trends Melon Cap Denim Chapeaux sans bord,13.99,26.99,48,53
accessories,Chapeaux & Bonnets,Chapeau de pêche en plein air,10.99,21.99,50,58
accessories,Gants,Gants tactiques Handschuhe à écran tactile complet,25.99,49.99,48,53
accessories,Baseball Caps,Chapeau de parasol de casquette de baseball en denim lavé personnalisé pour hommes en plein air,9.99,18.99,47,20
accessories,Baseball Caps,Casquette Trump 2020 Baseball Cap US Presidential Election,14.99,28.99,48,21
accessories,Ceintures & Bretelles,Ceinture pour hommes en cuir véritable ceinture givrée décontractée ceinture sangle broche ceinture rétro,49.99,99.99,50,10
accessories,Cache-oreilles,Masque en coton imprimé Masque anti-poussière ,5.99,11.99,50,97
accessories,Cache-oreilles,Masque de décoration de diamant pour femmes Masque Sheild,6.99,0,0,30
accessories,Beanie Hat,Chapeau de gommage pour casquettes chirurgicales,11.49,21.73,47,30
accessories,Cache-oreilles,Masque Sheild visage floral femme ,5.99,11.99,50,126
accessories,Cache-oreilles,Masque de décoration de femmes pour masque de mode de soirée de danse,6.99,0,0,45
accessories,Flat Caps,Casquette Gavroche en Laine Cabbie Lvy Flat Hat Beret Hats ,17.49,29.26,40,60
accessories,Beanie Hat,Bonnet à rayures multicolore Bonnet écharpe Turban Head Wrap Cap ,7.99,14.99,47,43
accessories,Chapeaux & Bonnets,Casquette de baseball rétro chapeaux de broderie de chapeau de soleil rétro,11.99,20,40,19
accessories,Foulards & Écharpes,Multifarben Color Block Cotton Blend Femme Foulards & Châles,28.74,71.68,60,236
accessories,Headband & Bandeaux,Masque de bandeau élastique Bandeau de bouton anti-cuir Bandeau de sport absorbant la sueur,4.99,8.99,45,58
accessories,Chapeaux & Bonnets,Plaque télescopique à tirer,11.99,23.99,50,52
accessories,Chapeaux & Bonnets,Casquette de baseball à la mode Chapeau de soleil rétro Chapeaux de broderie de coton,11.99,23.99,50,21
accessories,Cache-oreilles,Masque ajustable en mousseline imprimée,4.99,9.99,50,34
accessories,Chapeaux & Bonnets,COLLROWN Casquettes de béret de peintre en coton brodé pour hommes,13.99,27.99,50,8
accessories,Baseball Caps,Casquette de baseball Trump Election 2020 US,8.99,16.99,47,9
accessories,Beanie Hat,Bonnet papillon Bonnet de chimiothérapie Cap Turban,11.99,24.99,52,29
accessories,Flat Caps,Casquette Gavroche Coton Cabbie Lvy Flat Hat Vintage Beret,17.49,27.68,37,53
accessories,Chapeaux & Bonnets,Béret en coton pour hommes,11.99,23.99,50,21
accessories,Beanie Hat,Chapeau ethnique floral brodé vintage pour femme ,20.99,40.99,49,41
accessories,Beanie Hat,Printed Lace Stitching Beanie Scarf Hat Dual-use Turban Cap,11.99,23.99,50,41
accessories,Baseball Caps,Hommes femmes rue hip hop casquette de baseball dessin animé avion en plein air ombre casquette de baseball,10.99,15.99,31,12
accessories,Chapeaux & Bonnets,Chapeau de soleil enfant Big-edge Outdoor Anti-UV ,14.99,29.99,50,36
accessories,Beanie Hat,Chapeau élastique vintage en coton ethnique pour femme ,11.49,21.71,47,82
accessories,Chapeaux & Bonnets,COLLROWN Couverture de protection solaire Face Visor Chapeau de pêche en plein air,13.99,26.99,48,28
accessories,Cache-oreilles,Masque Sheild visage floral vintage,5.99,11.99,50,66
accessories,Bucket Hat,Chapeau mignon de chat de chapeau de modèle isolé de chat de coton,15.25,25.99,41,78
accessories,Chapeaux & Bonnets,Sun Umbrella Fishing Umbrella Headband 30CM Plastic Hat,14.49,29,50,21
accessories,Baseball Caps,Dessin animé chat masque isolé chapeau coton quarantaine seau chapeau ,13.99,25.99,46,32
accessories,Gants,Gants tactiques Escalade en plein air Gants antidérapants résistants à l'usure Formation Gants de moto d'équitation,27.99,43.99,36,11
accessories,Gants,Manches brodées ethniques florales pour femmes,15.99,29.99,47,49
accessories,Chapeaux & Bonnets,Casquette simple rétro en coton béret lavé pour hommes,13.99,26.99,48,18
accessories,Chapeaux & Bonnets,Chapeau de béret assorti en coton pour hommes,12.99,25.99,50,21
accessories,Beanie Hat,Bonnet en coton ethnique motif chat vintage,12.49,22.49,45,42
accessories,Beanie Hat,Thin Beanie Hat Solid Color Mesh Breathable HairBand Scarf Multifunctional,10.99,22.99,52,17
accessories,Baseball Caps,Chapeaux de broderie de bande dessinée de chapeau de soleil de chapeau de baseball rétro pour extérieur,11.99,22.99,48,6
accessories,Beanie Hat,Hollow Breathable Beanie Hat Sunscreen Thin Scarf Hat Dual-use Cap,11.99,23.99,50,47
accessories,Chapeaux & Bonnets,Masques d'isolation de protection du visage Masques anti-buée anti-éclaboussures,9.99,16.99,41,373
accessories,Baseball Caps,Chapeau de parasol de casquette de baseball en denim lavé à bordure personnalisée en plein air,9.99,18.99,47,73
accessories,Flat Caps,Casquette Gavroche Cabbie Lvy Flat Hat Vintage Painter Beret Hats ,17.49,37.34,53,140
accessories,Cache-oreilles & Masques,Masque à fleurs en coton multicolore Masque vintage,5.99,16.01,63,686
accessories,Chapeaux & Bonnets,Chapeau de pêche en plein air pour hommes,13.99,26.99,48,35
accessories,Beanie Hat,Femmes Imprimer Campagne Floral Twist Beanie Cap Turban Cap de chimiothérapie,9.99,18.99,47,91
accessories,Cache-oreilles,Visage floral Masque Sheild Masque en coton vintage,5.99,11.99,50,147
accessories,Chapeaux & Bonnets,Bonnet en coton brodé pour homme Chapeau avant Chapeau de soleil rétro britannique Béret littéraire,12.99,23.99,46,46
accessories,Flat Caps,Casquette gavroche octogonale d'été Cabbie Lvy Flat Hat,20.49,42.47,52,121
accessories,Skull Caps,Casquettes de crâne pour hommes à carreaux sans bord assortis,12.99,25.99,50,71
accessories,Ceintures & Bretelles,Ceinture en cuir véritable pour hommes Ceinture décontractée Sangle de taille Broche lisse Ceinture rétro,32.99,64.99,49,35
accessories,Cache-oreilles,Masque facial en mousseline respirant réglable ,4.99,9.99,50,110
accessories,Cache-oreilles & Masques,Masque facial unisexe respirant de couleur unie,4.99,9.99,50,98
accessories,Beanie Hat,Elephant Retro Beanie Hat Turban Cap de chimiothérapie,10.99,22.99,52,108
accessories,Cache-oreilles,Masque anti-poussière Masque floral visage Sheild,5.99,11.99,50,106
accessories,Chapeaux & Bonnets,Chapeau élastique de chapeau de bonnet de chapeau élastique de couleur unie avec des boutons d'oreille,6.99,13.99,50,85
accessories,Beanie Hat,Bonnet Fleurs Bonnets Découpés En Relief,10.99,22.99,52,63
accessories,Skull Caps,Chapeau de propriétaire pour homme Collrown Summer Street Trends Melon Cap Denim Chapeaux sans bord,13.99,26.99,48,53
accessories,Chapeaux & Bonnets,Chapeau de pêche en plein air,10.99,21.99,50,58
accessories,Gants,Gants tactiques Handschuhe à écran tactile complet,25.99,49.99,48,53
accessories,Baseball Caps,Chapeau de parasol de casquette de baseball en denim lavé personnalisé pour hommes en plein air,9.99,18.99,47,20
bags,Portefeuilles,Gaine multi-outils en cuir véritable EDC ceinture boucle taille,22.99,45,49,174
bags,Portefeuilles,"Sac ceinture EDC Retro en cuir véritable 7,2 pouces",23.42,41.87,44,377
bags,Portefeuilles,"Sac de taille de téléphone en cuir véritable de 6,5 pouces pour hommes EDC",21.99,40,45,192
bags,Portefeuilles,"EDC en cuir véritable rétro 6,3 pouces sac de téléphone",19.99,66.63,70,207
bags,Sacs à main,Sac à bandoulière en toile imprimé fleur pour femme,33.99,67,49,218
bags,Portefeuilles,Sac ceinture rétro en cuir véritable EDC pour hommes,22.99,49,53,66
bags,Portefeuilles,Sac ceinture en cuir véritable EDC pour hommes,24.99,48.99,49,90
bags,Sac bandoulière,"6 emplacements pour cartes 6,3 pouces sac de téléphone ",21.79,49,56,779
bags,Portefeuilles,Hommes EDC Multitool Flashlight Key Belt Bag,21.99,45,51,54
bags,Sac bandoulière,"Sac banane EDC en cuir véritable 6,3 pouces pour homme",30.51,54,44,93
bags,Portefeuilles,"Hommes EDC cuir véritable 6,3 pouces rétro court sac de ceinture de téléphone portable",21.49,65,67,60
bags,Portefeuilles,"Hommes 6,3 pouces sac de ceinture en cuir véritable ",27.99,56,50,76
bags,Portefeuilles,Hommes EDC Vintage Sac en cuir Self-Defense Porte-monnaie Porte-monnaie,19.99,29,31,30
bags,Sac bandoulière,Pochette en couleur pure en cuir PU porte-carte sac de téléphone,36.5,61.42,41,9465
bags,Sacs à main,Design Solid Handbag,43.59,71.07,39,1645
bags,Sacs à dos,Sac à dos antivol imprimé Nylon pour femme,19.99,45,56,233
bags,Portefeuilles,"Sac de ceinture de téléphone en cuir véritable de 6,3 pouces pour hommes EDC",13.99,25,44,82
bags,Portefeuilles,"Sac de ceinture pour téléphone EDC Retro 6,3 pouces pour homme",13.99,25,44,70
bags,Portefeuilles,"Hommes en cuir véritable 6,3 pouces EDC rétro court sac de ceinture pour téléphone portable",25.99,59,56,16
bags,Sac bandoulière,Sac ceinture en cuir véritable EDC pour hommes,30.99,60,48,55
bags,Sac bandoulière,Colorful Sac à cheveux en agneau bricolage ,33.23,70.03,53,1053
bags,Portefeuilles,Portefeuille en cuir véritable anti-vol pour homme,24.99,53,53,48
bags,Sac bandoulière,Sac de téléphone en cuir PU,31.05,56.99,46,416
bags,Sac bandoulière,"Hommes en cuir véritable 6,3 pouces sac de ceinture de téléphone",27.99,54,48,39
bags,Portefeuilles,Gaine de lampe de poche multifonction en cuir véritable,20.99,45,53,17
bags,Sacs à dos,Sac d'école solide de chargement USB multifonction décontracté,27.99,59,53,463
bags,Sacs à dos,Sac à dos de voyage anti-voleur en nylon,27.78,56.79,51,4517
bags,Sac bandoulière,Femme Nylon Sac bandoulière multi-poches étanche,26.69,51.33,48,402
bags,Sac bandoulière,Sac bandoulière solide à bandoulière en chaîne à deux couches pour femmes,43.59,79.99,46,1580
bags,Portefeuilles,Sac-ceinture multifonction EDC en cuir véritable,20.99,49,57,18
bags,Sacs à main,4 PCS femmes PU cuir sac à main loisirs sac à bandoulière,20.7,28.99,29,5571
bags,Sac bandoulière,Sac à bandoulière solide pour femme à 5 fentes pour cartes,22.99,45,49,75
bags,Portefeuilles,Sac de ceinture pour lampe de poche en cuir véritable EDC pour hommes,21.99,40,45,35
bags,Portefeuilles,"Sac banane en cuir véritable de 6,5 pouces EDC pour hommes",29.99,59,49,37
bags,Sac bandoulière,Femmes loisirs sac de paille tissé sac de plage sac à bandoulière,31.47,50,37,1126
bags,Sac bandoulière,Sac à bandoulière multifonction QUEENIE,41.99,135.87,69,1575
bags,Portefeuilles,Sac de ceinture rétro en cuir véritable pour hommes EDC,21.99,40,45,39
bags,Sac bandoulière,Sacs à bandoulière bohème à fleurs en cuir véritable pour femme ,63.21,126.73,50,690
bags,Portefeuilles,Sac ceinture solide en cuir véritable EDC pour hommes,18.99,36,47,19
bags,Sac bandoulière,Rivet grande capacité sac à main en cuir PU sac à bandoulière ,57.42,105.89,46,537
bags,Portefeuilles,"Sac de ceinture en cuir véritable de 5,5 pouces pour hommes EDC",19.99,38,47,21
bags,Sac bandoulière,Sac à bandoulière floral en cuir véritable vintage,49.04,108.65,55,148
bags,Portefeuilles,"Hommes EDC en cuir véritable 5,5 pouces sac de ceinture de téléphone",28.99,59,51,10
bags,Portefeuilles,"Hommes EDC en cuir véritable 5,5 pouces sac de ceinture de téléphone",28.99,59,51,12
bags,Sac bandoulière,Sacs à bandoulière en cuir véritable pour femmes,99.18,207.09,52,734
bags,Sacs à dos,Sac à bandoulière solide pour femmes,21.24,44.74,53,202
bags,Sac bandoulière,Sac à bandoulière multifonction MANDY pour femmes,46.86,84.89,45,1964
bags,Sacs à dos,Sac à dos anti-vol étanche pour femmes,37.99,65,42,240
bags,Sacs à main,Femmes 4pcs solide sac à main vintage,51.22,87.44,41,139
bags,Sacs à main,Sac à main d'affaires portable en PU trois pièces pour femmes,41.99,80,48,212
bags,Portefeuilles,"Sac ceinture pour téléphone EDC 6,3 pouces pour homme",6.99,15,53,51
bags,Sacs à main,Sac à bandoulière multifonction Design Business,54.49,98.91,45,304
bags,Sacs à main,Femmes 3pcs sac à main multifonction vintage,41.99,80,48,124
bags,Portefeuilles,Sac ceinture rétro en cuir véritable EDC pour hommes,21.99,39.99,45,26
bags,Portefeuilles,"Étui en cuir véritable pour hommes 6,3 pouces EDC",22.99,45,49,8
bags,Sacs à main,Femmes Design solide sac à main,49.99,106.52,53,169
bags,Sac bandoulière,Sac à bandoulière solide en cuir véritable pour hommes,54.49,98.91,45,28
bags,Sac bandoulière,Colorful Sac à cheveux en agneau bricolage feuille,34.32,69.74,51,533
bags,Portefeuilles,"Hommes EDC 6,3 pouces sac de ceinture de téléphone en cuir véritable",21.99,40,45,41
bags,Portefeuilles,Gaine multi-outils en cuir véritable EDC ceinture boucle taille,22.99,45,49,174
bags,Portefeuilles,"Sac ceinture EDC Retro en cuir véritable 7,2 pouces",23.42,41.87,44,377
bags,Portefeuilles,"Sac de taille de téléphone en cuir véritable de 6,5 pouces pour hommes EDC",21.99,40,45,192
bags,Portefeuilles,"EDC en cuir véritable rétro 6,3 pouces sac de téléphone",19.99,66.63,70,207
bags,Sacs à main,Sac à bandoulière en toile imprimé fleur pour femme,33.99,67,49,218
bags,Portefeuilles,Sac ceinture rétro en cuir véritable EDC pour hommes,22.99,49,53,66
bags,Portefeuilles,Sac ceinture en cuir véritable EDC pour hommes,24.99,48.99,49,90
bags,Sac bandoulière,"6 emplacements pour cartes 6,3 pouces sac de téléphone ",21.79,49,56,779
bags,Portefeuilles,Hommes EDC Multitool Flashlight Key Belt Bag,21.99,45,51,54
bags,Sac bandoulière,"Sac banane EDC en cuir véritable 6,3 pouces pour homme",30.51,54,44,93
bags,Portefeuilles,"Hommes EDC cuir véritable 6,3 pouces rétro court sac de ceinture de téléphone portable",21.49,65,67,60
bags,Portefeuilles,"Hommes 6,3 pouces sac de ceinture en cuir véritable ",27.99,56,50,76
bags,Portefeuilles,Hommes EDC Vintage Sac en cuir Self-Defense Porte-monnaie Porte-monnaie,19.99,29,31,30
bags,Sac bandoulière,Pochette en couleur pure en cuir PU porte-carte sac de téléphone,36.5,61.42,41,9465
bags,Sacs à main,Design Solid Handbag,43.59,71.07,39,1645
bags,Sacs à dos,Sac à dos antivol imprimé Nylon pour femme,19.99,45,56,233
bags,Portefeuilles,"Sac de ceinture de téléphone en cuir véritable de 6,3 pouces pour hommes EDC",13.99,25,44,82
bags,Portefeuilles,"Sac de ceinture pour téléphone EDC Retro 6,3 pouces pour homme",13.99,25,44,70
bags,Portefeuilles,"Hommes en cuir véritable 6,3 pouces EDC rétro court sac de ceinture pour téléphone portable",25.99,59,56,16
bags,Sac bandoulière,Sac ceinture en cuir véritable EDC pour hommes,30.99,60,48,55
bags,Sac bandoulière,Colorful Sac à cheveux en agneau bricolage ,33.23,70.03,53,1053
bags,Portefeuilles,Portefeuille en cuir véritable anti-vol pour homme,24.99,53,53,48
bags,Sac bandoulière,Sac de téléphone en cuir PU,31.05,56.99,46,416
bags,Sac bandoulière,"Hommes en cuir véritable 6,3 pouces sac de ceinture de téléphone",27.99,54,48,39
bags,Portefeuilles,Gaine de lampe de poche multifonction en cuir véritable,20.99,45,53,17
bags,Sacs à dos,Sac d'école solide de chargement USB multifonction décontracté,27.99,59,53,463
bags,Sacs à dos,Sac à dos de voyage anti-voleur en nylon,27.78,56.79,51,4517
bags,Sac bandoulière,Femme Nylon Sac bandoulière multi-poches étanche,26.69,51.33,48,402
bags,Sac bandoulière,Sac bandoulière solide à bandoulière en chaîne à deux couches pour femmes,43.59,79.99,46,1580
bags,Portefeuilles,Sac-ceinture multifonction EDC en cuir véritable,20.99,49,57,18
bags,Sacs à main,4 PCS femmes PU cuir sac à main loisirs sac à bandoulière,20.7,28.99,29,5571
bags,Sac bandoulière,Sac à bandoulière solide pour femme à 5 fentes pour cartes,22.99,45,49,75
bags,Portefeuilles,Sac de ceinture pour lampe de poche en cuir véritable EDC pour hommes,21.99,40,45,35
bags,Portefeuilles,"Sac banane en cuir véritable de 6,5 pouces EDC pour hommes",29.99,59,49,37
bags,Sac bandoulière,Femmes loisirs sac de paille tissé sac de plage sac à bandoulière,31.47,50,37,1126
bags,Sac bandoulière,Sac à bandoulière multifonction QUEENIE,41.99,135.87,69,1575
bags,Portefeuilles,Sac de ceinture rétro en cuir véritable pour hommes EDC,21.99,40,45,39
bags,Sac bandoulière,Sacs à bandoulière bohème à fleurs en cuir véritable pour femme ,63.21,126.73,50,690
bags,Portefeuilles,Sac ceinture solide en cuir véritable EDC pour hommes,18.99,36,47,19
bags,Sac bandoulière,Rivet grande capacité sac à main en cuir PU sac à bandoulière ,57.42,105.89,46,537
bags,Portefeuilles,"Sac de ceinture en cuir véritable de 5,5 pouces pour hommes EDC",19.99,38,47,21
bags,Sac bandoulière,Sac à bandoulière floral en cuir véritable vintage,49.04,108.65,55,148
bags,Portefeuilles,"Hommes EDC en cuir véritable 5,5 pouces sac de ceinture de téléphone",28.99,59,51,10
bags,Portefeuilles,"Hommes EDC en cuir véritable 5,5 pouces sac de ceinture de téléphone",28.99,59,51,12
bags,Sac bandoulière,Sacs à bandoulière en cuir véritable pour femmes,99.18,207.09,52,734
bags,Sacs à dos,Sac à bandoulière solide pour femmes,21.24,44.74,53,202
bags,Sac bandoulière,Sac à bandoulière multifonction MANDY pour femmes,46.86,84.89,45,1964
bags,Sacs à dos,Sac à dos anti-vol étanche pour femmes,37.99,65,42,240
bags,Sacs à main,Femmes 4pcs solide sac à main vintage,51.22,87.44,41,139
bags,Sacs à main,Sac à main d'affaires portable en PU trois pièces pour femmes,41.99,80,48,212
bags,Portefeuilles,"Sac ceinture pour téléphone EDC 6,3 pouces pour homme",6.99,15,53,51
bags,Sacs à main,Sac à bandoulière multifonction Design Business,54.49,98.91,45,304
bags,Sacs à main,Femmes 3pcs sac à main multifonction vintage,41.99,80,48,124
bags,Portefeuilles,Sac ceinture rétro en cuir véritable EDC pour hommes,21.99,39.99,45,26
bags,Portefeuilles,"Étui en cuir véritable pour hommes 6,3 pouces EDC",22.99,45,49,8
bags,Sacs à main,Femmes Design solide sac à main,49.99,106.52,53,169
bags,Sac bandoulière,Sac à bandoulière solide en cuir véritable pour hommes,54.49,98.91,45,28
bags,Sac bandoulière,Colorful Sac à cheveux en agneau bricolage feuille,34.32,69.74,51,533
bags,Portefeuilles,"Hommes EDC 6,3 pouces sac de ceinture de téléphone en cuir véritable",21.99,40,45,41
bags,Sac bandoulière,Sac à bandoulière décontracté,23.42,44.12,47,76
bags,Sacs à dos,Sac à dos étanche Multi-Carry Femme,22.99,49,53,0
bags,Sacs à dos,Sac à dos multi-poches solide imperméable pour hommes,28.99,59,51,16
bags,Sac bandoulière,"Imperméable à l'eau 6,3 pouces téléphone broderie Crossbody Bag",8.5,33,74,5
bags,Sacs à dos,Impression d'un sac à dos de grande capacité de chargement USB,27.99,60,53,12
bags,Sacs à dos,Sac à dos d'étudiant d'école de femmes 4Pcs,16.99,39,56,246
bags,Sacs à dos,Sac à dos femme en nylon solide de grande capacité,31.05,56.99,46,29
bags,Sacs à main,Sac à bandoulière décontracté imperméable à l'eau,13.99,27,48,5
bags,Sac bandoulière,Femme Soft Sac bandoulière en cuir véritable,37.42,58.29,36,55
bags,Sac bandoulière,Nylon Sac bandoulière multifonction étanche pour homme,18.99,39,51,6
bags,Sac bandoulière,Sac poitrine brodé imperméable femme,16.99,39,56,16
bags,Sac bandoulière,Retro Soft Sacs en bandoulière en similicuir ,42.99,71.99,40,111
bags,Sac bandoulière,Nylon Sac à bandoulière décontracté imperméable pour femme,23.42,42.99,46,16
bags,Sacs à main,Femmes gland PU sac à main en cuir sac à bandoulière patchwork sac à bandoulière,39.99,79,49,15
bags,Sac bandoulière,Sac à bandoulière de loisirs solide à 3 couches pour femmes,53.4,116.5,54,138
bags,Sac bandoulière,Sac à bandoulière patchwork en cuir véritable,39.99,75,47,18
bags,Sac bandoulière,Femmes Nylon Sac bandoulière décontracté Sac multi-poches,20.15,40.46,50,399
bags,Sac bandoulière,Hommes toile extérieure décontractée grande capacité sac de ceinture sac de poitrine ,31.05,67.83,54,18
bags,Sac bandoulière,Sac à bandoulière rétro pour femme,32.14,51.05,37,40
bags,Sac bandoulière,"6,3 pouces téléphone décontracté en cuir véritable ceinture téléphone sac bandoulière",30.99,63,51,2
bags,Sacs à main,Sac fourre-tout étanche de grande capacité,19.99,52,62,5
bags,Sacs à main,Sac à main vintage en cuir véritable patchwork pour femme,56.67,97.5,42,21
bags,Sac bandoulière,Mini sac bandoulière tissé Rrtro pour femme ,14.99,38.99,62,61
bags,Sacs à dos,Sac à dos tactique multifonction pour homme,39.99,75,47,3
bags,Sac bandoulière,Sac à bandoulière tactique étanche multi-poches pour hommes,13.99,27,48,3
bags,Portefeuilles,Portefeuille en cuir de vachette avec boucle anti-vol pour hommes,34.32,66.38,48,11
bags,Sac bandoulière,"6,3 pouces téléphone téléphone à carreaux sac à main sac à bandoulière",16.99,48,65,6
bags,Sacs à dos,Sac à dos en similicuir à grande capacité,29.96,54.99,46,466
bags,Sac bandoulière,Nylon Sac à bandoulière multifonctionnel étanche et sportif pour homme,14.99,29,48,11
bags,Sacs à dos,Sac à dos d'extérieur décontracté de haute qualité,11.98,47.66,75,1889
bags,Sac bandoulière,Sac à bandoulière en cuir véritable bohème pour femme,65.39,140.35,53,115
bags,Sacs à main,Nylon Sac étanche Sac à main solide Sac bandoulière,24.99,49,49,25
bags,Sac bandoulière,"Sac de téléphone en cuir véritable de 5,5 pouces Vintage ",32.99,61.99,47,315
bags,Sac bandoulière,Sac à bandoulière à fleurs pour femmes,32.99,69,52,4
bags,Sac bandoulière,Sac seau femme Crocodile Patttern Sac à main ,45.99,82.99,45,78
bags,Sac bandoulière,Femmes Soft Sac à bandoulière en cuir de loisirs Sac bandoulière,28.87,48.38,40,335
bags,Sac bandoulière,Femmes Faux Cuir Vintage Solid Gland Crossbody Sacs,16.88,33.38,49,334
bags,Sac bandoulière,Femmes fille bonbons couleur cerf décoration seau sac ,14.7,25.76,43,372
bags,Sac bandoulière,Sac de plage en paille pour femme Sac bandoulière Sac à bandoulière tissé à la main,24.51,52.87,54,150
bags,Sac bandoulière,Sac de ceinture en cuir véritable pour hommes,35.99,71,49,4
bags,Sac bandoulière,Sac bandoulière de loisirs en nylon pour femme,23.42,47.52,51,494
bags,Sacs à dos,Sac à dos multifonction grande capacité Oxford,29.99,68,56,2
bags,Sac bandoulière,Sac à bandoulière vintage en cuir PU,49.99,92.99,46,164
bags,Sacs chic,Sac à bandoulière en paille d'été pour femmes ,21.99,49,55,35
bags,Sac bandoulière,Femmes Nylon Sac à bandoulière uni à poches multiples,21.2,43.73,52,317
bags,Sac bandoulière,Femmes Nylon mini sacs de téléphone sacs à bandoulière portables,17.4,35.7,51,660
bags,Sac bandoulière,Sac bandoulière en cuir mou de loisirs pour femme,42.5,83.56,49,261
bags,Sacs chic,Sac à bandoulière pour femmes,22.99,40,43,410
shoes,Mocassins,Chaussures décontractées antidérapantes en tissu de soie glacée pour hommes,36.4,72.8,50,873
shoes,Mocassins,Chaussures en cuir à carreaux pour hommes de grande taille,46.36,106.49,57,358
shoes,Mocassins,Chaussures décontractées en cuir pour hommes,43.38,119.98,64,1511
shoes,Sneakers & Baskets,Baskets plates élastiques en tricot d'épissage,19.99,39.99,50,1873
shoes,Mocassins,Hommes Cuir Épissage Soft Semelle Casual Chaussures,46.18,119.98,62,2738
shoes,Mocassins,Chaussures décontractées antidérapantes en cuir microfibre pour hommes,45.57,91.14,50,202
shoes,Mocassins,Chaussures de conduite décontractées antidérapantes en tissu de soie glacée pour hommes,36.64,73.28,50,303
shoes,Mocassins,Chaussures décontractées confortables en toile lavée pour hommes,22.98,63.98,64,3688
shoes,Bottes & Bottines,Bottes à talons blocs à lacets brodés,41.29,96.94,57,5739
shoes,Bottes & Bottines,Bottes d'été en cuir brodé de fleurs en strass,32.99,69.99,53,218
shoes,Baskets,Sneakers de course et de marche de grande taille pour homme,34.84,76.46,54,2252
shoes,Sandales & Mules,Sandales compensées à boucle évidée,30.67,74.2,59,7784
shoes,Mocassins,Chaussures de conduite décontractées antidérapantes en daim pour hommes,49.99,112.34,56,159
shoes,Baskets,Hommes Engrener Sneakers de randonnée non glissantes,43.12,110.6,61,1539
shoes,Sneakers & Baskets,Baskets à enfiler en maille Air Mesh,19.99,39.99,50,2895
shoes,Mocassins,Chaussures en cuir à couture à la main,64.62,131.98,51,3216
shoes,Derbies & Mocassins,Chaussures plates sans dossier en daim à gros bout rond,26.09,68.27,62,1037
shoes,Mocassins,Chaussures décontractées antidérapantes en cuir pour hommes,46.99,124.98,62,275
shoes,Mocassins,Chaussures décontractées respirantes en tissu de soie glacée pour hommes,31.33,62.66,50,107
shoes,Derbies & Mocassins,Chaussures Souples De Grande Taille Mocassins Plats En Couleur Pure À Mettre De Multi Façon,23.59,39.99,41,12457
shoes,Sandales & Mules,Sandales plates à bout fermé rétro,36.99,79.99,54,552
shoes,Mocassins,Chaussures en cuir de vache cousues à la main pour hommes,48.04,99.98,52,455
shoes,Mocassins,Hommes PU épissage chaussures de sport antidérapantes,29.69,65.98,55,124
shoes,Bottes & Chaussures montantes,Bottes en cuir décontractées antidérapantes cousues à la main pour hommes,45.99,95.98,52,1029
shoes,Sneakers & Baskets,Chaussettes athlétiques respirantes en maille,19.99,39.99,50,6375
shoes,Sandales & Mules,Sandales à talons bas avec boucle à crochet,90.99,152.07,40,3529
shoes,Baskets,Baskets décontractées en maille pour hommes,51.44,109.95,53,118
shoes,Mocassins,Chaussures de conduite décontractées antidérapantes en cuir véritable pour hommes,49.99,99.98,50,119
shoes,Bottes & Bottines,Bottes d'été décontractées à talons épais en maille,29.98,59.99,50,523
shoes,Sneakers & Baskets,Chaussures de sport en maille à velcro,14.88,60.29,75,7549
shoes,Derbies & Mocassins,Mocassins plats à pompon respirant,31.26,115.47,73,3060
shoes,Derbies & Mocassins,Casual Soft Splicing Leather Flats Chaussures,19.99,53.95,63,6524
shoes,Derbies & Mocassins,Chaussures plates à boucle creuse respirante,24.99,73.95,66,783
shoes,Baskets,Chaussures d'eau en tricot pour hommes,47.24,90.38,48,250
shoes,Sandales,Sandales décontractées antidérapantes en cuir pour hommes,40.14,85.98,53,134
shoes,Bottes & Chaussures montantes,Bottines décontractées en cuir cousues à la main pour hommes,44.92,89.84,50,238
shoes,Sandales & Mules,SOCOFY sandales rétro creuses en cuir,29.99,140.62,79,2054
shoes,Sandales & Mules,Sandales à bride arrière en forme de T,23.6,47.99,51,144
shoes,Sandales & Mules,Sandales élastiques Bande Comfort,31.66,51.87,39,829
shoes,Chaussons,Pantoufles sans dos décontractées en cuir PU pour hommes,20.3,38.66,48,135
shoes,Sandales & Mules,Sandales décontractées brodées de fleurs,22.61,54.3,58,339
shoes,Sandales & Mules,SOCOFY sandales bohémiennes ajustables en cuir,70.25,133.64,47,4439
shoes,Derbies & Mocassins,Soft Mocassins plats à lacets Splicing,19.78,39.99,51,212
shoes,Sandales & Mules,Sandales à brides en métal,19.99,38.63,48,155
shoes,Mocassins,Menico Chaussures en cuir de conduite pour hommes cousues à la main,46.79,108.67,57,203
shoes,Derbies & Mocassins,SOCOFY Chaussures rétro en cuir,49.99,183.31,73,3605
shoes,Sneakers & Baskets,Chaussures plates en mesh respirant,16.69,69.29,76,4843
shoes,Sandales & Mules,Sandales à bride arrière en paille,23.99,49.65,52,69
shoes,Mocassins,Chaussures décontractées antidérapantes en toile lavée pour hommes,25.93,48.73,47,61
shoes,Derbies & Mocassins,Socofy Chaussures Plates Faites À La Main En Cuir Véritable Mocassins Souples Style Fleuri,34.99,68.88,49,12227
shoes,Baskets,Hommes de grande taille cousant des baskets en plein air,41.99,80.99,48,547
shoes,Derbies & Mocassins,Mocassins plats respirants à épissage creux,29.99,69.99,57,4763
shoes,Mocassins,Menico Chaussures décontractées en cuir pour hommes,44.94,93.99,52,299
shoes,Derbies & Mocassins,Bout fermé Backless Soft Mules Chaussures,9.99,19.99,50,233
shoes,Sandales,Sandales d'eau à embout en caoutchouc pour hommes,49.75,121.65,59,144
shoes,Sandales & Mules,SOCOFY Sandales Entredoigt Plates Fabriquées À Main Tige Tressée Avec Bride Élastique,25.96,52.69,51,6653
shoes,Sandales,Menico Sandales en cuir pour hommes Soft,50.62,105.98,52,756
shoes,Sandales & Mules,Sandales en cuir à bride arrière Mules,65.99,122.67,46,398
shoes,Sandales & Mules,Bout fermé élastique Bande Sandales plates,32.99,65.99,50,1350
shoes,Mocassins,Chaussures décontractées antidérapantes en tissu de soie glacée pour hommes,36.4,72.8,50,873
shoes,Mocassins,Chaussures en cuir à carreaux pour hommes de grande taille,46.36,106.49,57,358
shoes,Mocassins,Chaussures décontractées en cuir pour hommes,43.38,119.98,64,1511
shoes,Sneakers & Baskets,Baskets plates élastiques en tricot d'épissage,19.99,39.99,50,1873
shoes,Mocassins,Hommes Cuir Épissage Soft Semelle Casual Chaussures,46.18,119.98,62,2738
shoes,Mocassins,Chaussures décontractées antidérapantes en cuir microfibre pour hommes,45.57,91.14,50,202
shoes,Mocassins,Chaussures de conduite décontractées antidérapantes en tissu de soie glacée pour hommes,36.64,73.28,50,303
shoes,Mocassins,Chaussures décontractées confortables en toile lavée pour hommes,22.98,63.98,64,3688
shoes,Bottes & Bottines,Bottes à talons blocs à lacets brodés,41.29,96.94,57,5739
shoes,Bottes & Bottines,Bottes d'été en cuir brodé de fleurs en strass,32.99,69.99,53,218
shoes,Baskets,Sneakers de course et de marche de grande taille pour homme,34.84,76.46,54,2252
shoes,Sandales & Mules,Sandales compensées à boucle évidée,30.67,74.2,59,7784
shoes,Mocassins,Chaussures de conduite décontractées antidérapantes en daim pour hommes,49.99,112.34,56,159
shoes,Baskets,Hommes Engrener Sneakers de randonnée non glissantes,43.12,110.6,61,1539
shoes,Sneakers & Baskets,Baskets à enfiler en maille Air Mesh,19.99,39.99,50,2895
shoes,Mocassins,Chaussures en cuir à couture à la main,64.62,131.98,51,3216
shoes,Derbies & Mocassins,Chaussures plates sans dossier en daim à gros bout rond,26.09,68.27,62,1037
shoes,Mocassins,Chaussures décontractées antidérapantes en cuir pour hommes,46.99,124.98,62,275
shoes,Mocassins,Chaussures décontractées respirantes en tissu de soie glacée pour hommes,31.33,62.66,50,107
shoes,Derbies & Mocassins,Chaussures Souples De Grande Taille Mocassins Plats En Couleur Pure À Mettre De Multi Façon,23.59,39.99,41,12457
shoes,Sandales & Mules,Sandales plates à bout fermé rétro,36.99,79.99,54,552
shoes,Mocassins,Chaussures en cuir de vache cousues à la main pour hommes,48.04,99.98,52,455
shoes,Mocassins,Hommes PU épissage chaussures de sport antidérapantes,29.69,65.98,55,124
shoes,Bottes & Chaussures montantes,Bottes en cuir décontractées antidérapantes cousues à la main pour hommes,45.99,95.98,52,1029
shoes,Sneakers & Baskets,Chaussettes athlétiques respirantes en maille,19.99,39.99,50,6375
shoes,Sandales & Mules,Sandales à talons bas avec boucle à crochet,90.99,152.07,40,3529
shoes,Baskets,Baskets décontractées en maille pour hommes,51.44,109.95,53,118
shoes,Mocassins,Chaussures de conduite décontractées antidérapantes en cuir véritable pour hommes,49.99,99.98,50,119
shoes,Bottes & Bottines,Bottes d'été décontractées à talons épais en maille,29.98,59.99,50,523
shoes,Sneakers & Baskets,Chaussures de sport en maille à velcro,14.88,60.29,75,7549
shoes,Derbies & Mocassins,Mocassins plats à pompon respirant,31.26,115.47,73,3060
shoes,Derbies & Mocassins,Casual Soft Splicing Leather Flats Chaussures,19.99,53.95,63,6524
shoes,Derbies & Mocassins,Chaussures plates à boucle creuse respirante,24.99,73.95,66,783
shoes,Baskets,Chaussures d'eau en tricot pour hommes,47.24,90.38,48,250
shoes,Sandales,Sandales décontractées antidérapantes en cuir pour hommes,40.14,85.98,53,134
shoes,Bottes & Chaussures montantes,Bottines décontractées en cuir cousues à la main pour hommes,44.92,89.84,50,238
shoes,Sandales & Mules,SOCOFY sandales rétro creuses en cuir,29.99,140.62,79,2054
shoes,Sandales & Mules,Sandales à bride arrière en forme de T,23.6,47.99,51,144
shoes,Sandales & Mules,Sandales élastiques Bande Comfort,31.66,51.87,39,829
shoes,Chaussons,Pantoufles sans dos décontractées en cuir PU pour hommes,20.3,38.66,48,135
shoes,Sandales & Mules,Sandales décontractées brodées de fleurs,22.61,54.3,58,339
shoes,Sandales & Mules,SOCOFY sandales bohémiennes ajustables en cuir,70.25,133.64,47,4439
shoes,Derbies & Mocassins,Soft Mocassins plats à lacets Splicing,19.78,39.99,51,212
shoes,Sandales & Mules,Sandales à brides en métal,19.99,38.63,48,155
shoes,Mocassins,Menico Chaussures en cuir de conduite pour hommes cousues à la main,46.79,108.67,57,203
shoes,Derbies & Mocassins,SOCOFY Chaussures rétro en cuir,49.99,183.31,73,3605
shoes,Sneakers & Baskets,Chaussures plates en mesh respirant,16.69,69.29,76,4843
shoes,Sandales & Mules,Sandales à bride arrière en paille,23.99,49.65,52,69
shoes,Mocassins,Chaussures décontractées antidérapantes en toile lavée pour hommes,25.93,48.73,47,61
shoes,Derbies & Mocassins,Socofy Chaussures Plates Faites À La Main En Cuir Véritable Mocassins Souples Style Fleuri,34.99,68.88,49,12227
shoes,Baskets,Hommes de grande taille cousant des baskets en plein air,41.99,80.99,48,547
shoes,Derbies & Mocassins,Mocassins plats respirants à épissage creux,29.99,69.99,57,4763
shoes,Mocassins,Menico Chaussures décontractées en cuir pour hommes,44.94,93.99,52,299
shoes,Derbies & Mocassins,Bout fermé Backless Soft Mules Chaussures,9.99,19.99,50,233
shoes,Sandales,Sandales d'eau à embout en caoutchouc pour hommes,49.75,121.65,59,144
shoes,Sandales & Mules,SOCOFY Sandales Entredoigt Plates Fabriquées À Main Tige Tressée Avec Bride Élastique,25.96,52.69,51,6653
shoes,Sandales,Menico Sandales en cuir pour hommes Soft,50.62,105.98,52,756
shoes,Sandales & Mules,Sandales en cuir à bride arrière Mules,65.99,122.67,46,398
shoes,Sandales & Mules,Bout fermé élastique Bande Sandales plates,32.99,65.99,50,1350
shoes,Sneakers & Baskets,Chaussures plates en maille Beathable,12.99,24.69,47,9
shoes,Escarpins,Escarpins en cuir rétro,65.99,174.03,62,128
shoes,Sandales & Mules,Sandales compensées de plage,21.76,43.96,51,28
shoes,Sneakers & Baskets,Baskets sport à plateforme,29.99,59.63,50,68
shoes,Sandales & Mules,Sandales compensées en cuir,45.99,124.57,63,91
shoes,Derbies & Mocassins,Femmes Penny Loafers,22.35,44.5,50,48
shoes,Slipper,Pantoufles à bout carré fleuri,18.99,37.99,50,9
shoes,Sneakers & Baskets,Chaussures de marche plates à enfiler en maille Soft,29.69,59.99,51,34
shoes,Baskets,Chaussures de course sport homme,39.89,83.74,52,36
shoes,Mocassins,Menico Chaussures en cuir décontractées antidérapantes pour hommes ,60.36,106.03,43,55
shoes,Derbies & Mocassins,Mocassins Décontractés avec Semelles Souples,19.99,39.99,50,4368
shoes,Derbies & Mocassins,Chaussures plates en cuir rétro,69.99,149.99,53,25
shoes,Sandales & Mules,Mules à talons carrés,49.99,156.42,68,53
shoes,Mocassins,Chaussures décontractées antidérapantes en cuir microfibre pour hommes ,44.08,91.98,52,6
shoes,Sandales,Sandales d'extérieur décontractées antidérapantes pour hommes,52.99,105.98,50,16
shoes,Escarpins,Escarpins D'orsay en cuir,68.89,107.61,36,86
shoes,Chaussures de ville,Men Suede Comfy Slip Resistant Formal Loafers,46.74,101.42,54,12
shoes,Claquettes & Tongs,Chaussons compensés à double boucle,36.57,56.7,36,88
shoes,Baskets,Baskets décontractées antidérapantes en daim pour hommes,38.91,86.02,55,9
shoes,Mocassins,Chaussures de conduite décontractées en cuir cousues à la main pour hommes,46.83,93.66,50,21
shoes,Sandales & Mules,Sandales plates-formes léopard avec boucle à lanières,20.99,67.85,69,430
shoes,Chaussures de ville,Mocassins Brogue à pampilles,36.44,80.98,55,17
shoes,Bottes & Bottines,Bottes de pluie en caoutchouc naturel à talons bas,39.99,105.99,62,63
shoes,Derbies & Mocassins,Chaussures plates en cuir,55.99,168.97,67,126
shoes,Derbies & Mocassins,Plats sans dossier à coupe large,25.99,50.38,48,9
shoes,Sandales,Sandales en cuir à bout ouvert pour homme,32.82,73.98,56,28
shoes,Sandales & Mules,LOSTISY Coutures faites à la main à bout ouvert Sandales de plage confortables pour femmes,22.68,47,52,20
shoes,Sneakers & Baskets,Baskets à enfiler avec semelle à bascule,32.99,65.99,50,45
shoes,Sandales & Mules,Espadrilles creuses à bout clip,24.59,49.99,51,37
shoes,Sandales & Mules,Sandales à talons hauts en cuir,55.99,156.42,64,112
shoes,Sandales & Mules,Sandales à coutures confortables,22.71,46.98,52,20
shoes,Mocassins,Chaussures en cuir de vache véritable pour homme,86.61,132.8,35,19
shoes,Sandales,Sandales en cuir à bout fermé pour homme,52.89,115,54,13
shoes,Sandales & Mules,Sandales tongs en cuir,39.99,141.82,72,95
shoes,Claquettes & Tongs,Tongs confort,19.56,38.66,49,18
shoes,Mocassins,Menico Hommes antidérapants Soft Chaussures en cuir décontractées,42.14,84.28,50,7
shoes,Sandales & Mules,Chaussons de plage décontractés,21.83,41.85,48,46
shoes,Sneakers & Baskets,Chaussures décontractées imprimées léopard colorblock,26.48,51.96,49,23
shoes,Mocassins,Menico Chaussures en cuir antidérapantes pour hommes,37.05,82.33,55,10
shoes,Sandales & Mules,Sandales décontractées Flower Decro,21.99,42.85,49,15
shoes,Sandales & Mules,Sandales compensées en cuir,49.99,152.2,67,70
shoes,Mocassins,Chaussures décontractées d'extérieur en cuir pour hommes ,64.56,115.86,44,23
shoes,Derbies & Mocassins,Chaussures plates décontractées à imprimé tie-dye,25.93,50.86,49,16
shoes,Derbies & Mocassins,Mocassins Flats Grande Taille,23.99,46.99,49,13
shoes,Sandales,Sandales à lanières de plage pour hommes,47.51,103.5,54,13
shoes,Derbies & Mocassins,Chaussures de travail confortables pour femmes,23.16,44.9,48,23
shoes,Chaussures de ville,Mocassins élégants à pampilles,46.59,101.31,54,14
shoes,Sandales,Sandales d'extérieur antidérapantes en cuir de vache pour hommes,46.81,122.48,62,26
shoes,Baskets,Men Knitted Fabric Casual Running Sneakers,26.03,57.84,55,8
shoes,Derbies & Mocassins,Femme Chaussures Casual Plates Taille Grande Couleur Pure Ballerines Cuir À Lacet,17.99,57.03,69,3225
shoes,Derbies & Mocassins,SOCOFY chaussures en cuir à forêt fantastique,49.99,136.49,63,1887
shoes,Sandales & Mules,SOCOFY Bohême Découpe Crochet Boucle Bout Ouvert Dos Nu Bloc Talon Comfy Sandales À Talons,49.99,145.99,66,59
shoes,Bottes & Bottines,Taille Plus Bottines à bout pointu antidérapantes confortables,39.99,79.99,50,93
shoes,Baskets,Baskets respirantes en tricot pour hommes,52.35,116,55,24
